ReservationID,FlightNumber,AZ0128
1,AZ0128
2,AZ0128
3,AZ0128
4,AZ0128
5,AZ0128
6,AZ0128
7,AZ0128
8,AZ0128
9,AZ0128
10,AZ0128
11,AZ0128
12,AZ0128
13,AZ0128
14,AZ0128
15,AZ0128
16,AZ0128
17,AZ0128
18,AZ0128
19,AZ0128
20,AZ0128
21,AZ0128
22,AZ0128
23,AZ0128
24,AZ0128
25,AZ0128
26,AZ0128
27,AZ0128
28,AZ0128
29,AZ0128
30,AZ0128
31,AZ0128
32,AZ0128
33,AZ0128
34,AZ0128
35,AZ0128
36,AZ0128
37,AZ0128
38,AZ0128
39,AZ0128
40,AZ0128
41,AZ0128
42,AZ0128
43,AZ0128
44,AZ0128
45,AZ0128
46,AZ0128
47,AZ0128
48,AZ0128
49,AZ0128
50,AZ0128
51,AZ0128
52,AZ0128
53,AZ0128
54,AZ0128
55,AZ0128
56,AZ0128
57,AZ0128
58,AZ0128
59,AZ0128
60,AZ0128
61,AZ0128
62,AZ0128
63,AZ0128
64,AZ0128
65,AZ0128
66,AZ0128
67,AZ0128
68,AZ0128
69,AZ0128
70,AZ0128
71,AZ0128
72,AZ0128
73,AZ0128
74,AZ0128
75,AZ0128
76,AZ0128
77,AZ0128
78,AZ0128
79,AZ0128
80,AZ0128
81,AZ0128
82,AZ0128
83,AZ0128
84,AZ0128
85,AZ0128
86,AZ0128
87,AZ0128
88,AZ0128
89,AZ0128
90,AZ0128
91,AZ0128
92,AZ0128
93,AZ0128
94,AZ0128
95,AZ0128
96,AZ0128
97,AZ0128
98,AZ0128
99,AZ0128
100,AZ0128
101,AZ0128
102,AZ0128
103,AZ0128
104,AZ0128
105,AZ0128
106,AZ0128
107,AZ0128
108,AZ0128
109,AZ0128
110,AZ0128
111,AZ0128
112,AZ0128
113,AZ0128
114,AZ0128
115,AZ0128
116,AZ0128
117,AZ0128
118,AZ0128
119,AZ0128
120,AZ0128
121,AZ0128
122,AZ0128
123,AZ0128
124,AZ0128
125,AZ0128
126,AZ0128
127,AZ0128
128,AZ0128
129,AZ0128
130,AZ0128
131,AZ0128
132,AZ0128
133,AZ0128
134,AZ0128
135,AZ0128
136,AZ0128
137,AZ0128
138,AZ0128
139,AZ0128
140,AZ0128
141,AZ0128
142,AZ0128
143,AZ0128
144,AZ0128
145,AZ0128
146,AZ0128
147,AZ0128
148,AZ0128
149,AZ0128
150,AZ0128
151,AZ0128
152,AZ0128
153,AZ0128
154,AZ0128
155,AZ0128
156,AZ0128
157,AZ0128
158,AZ0128
159,AZ0128
160,AZ0128
161,AZ0128
162,AZ0128
163,AZ0128
164,AZ0128
165,AZ0128
166,AZ0128
167,AZ0128
168,AZ0128
169,AZ0128
170,AZ0128
171,AZ0128
172,AZ0128
173,AZ0128
174,AZ0128
175,AZ0128
176,AZ0128
177,AZ0128
178,AZ0128
179,AZ5120
180,AZ5120
181,AZ5120
182,AZ5120
183,AZ5120
184,AZ5120
185,AZ5120
186,AZ5120
187,AZ5120
188,AZ5120
189,AZ5120
190,AZ5120
191,AZ5120
192,AZ5120
193,AZ5120
194,AZ5120
195,AZ5120
196,AZ5120
197,AZ5120
198,AZ5120
199,AZ5120
200,AZ5120
201,AZ5120
202,AZ5120
203,AZ5120
204,AZ5120
205,AZ5120
206,AZ5120
207,AZ5120
208,AZ5120
209,AZ5120
210,AZ5120
211,AZ5120
212,AZ5120
213,AZ5120
214,AZ5120
215,AZ5120
216,AZ5120
217,AZ5120
218,AZ5120
219,AZ5120
220,AZ5120
221,AZ5120
222,AZ5120
223,AZ5120
224,AZ5120
225,AZ5120
226,AZ5120
227,AZ5120
228,AZ5120
229,AZ5120
230,AZ5120
231,AZ5120
232,AZ5120
233,AZ5120
234,AZ5120
235,AZ5120
236,AZ5120
237,AZ5120
238,AZ5120
239,AZ5120
240,AZ5120
241,AZ5120
242,AZ5120
243,AZ5120
244,AZ5120
245,AZ5120
246,AZ5120
247,AZ5120
248,AZ5120
249,AZ5120
250,AZ5120
251,AZ5120
252,AZ5120
253,AZ5120
254,AZ5120
255,AZ5120
256,AZ5120
257,AZ5120
258,AZ5120
259,AZ5120
260,AZ5120
261,AZ5120
262,AZ5120
263,AZ5120
264,AZ5120
265,AZ5120
266,AZ5120
267,AZ5120
268,AZ5120
269,AZ5120
270,AZ5120
271,AZ5120
272,AZ5120
273,AZ5120
274,AZ5120
275,AZ5120
276,AZ5120
277,AZ5120
278,AZ1304
279,AZ1304
280,AZ1304
281,AZ1304
282,AZ1304
283,AZ1304
284,AZ1304
285,AZ1304
286,AZ1304
287,AZ1304
288,AZ1304
289,AZ1304
290,AZ1304
291,AZ1304
292,AZ1304
293,AZ1304
294,AZ1304
295,AZ1304
296,AZ1304
297,AZ1304
298,AZ1304
299,AZ1304
300,AZ1304
301,AZ1304
302,AZ1304
303,AZ1304
304,AZ1304
305,AZ1304
306,AZ1304
307,AZ1304
308,AZ1304
309,AZ1304
310,AZ1304
311,AZ1304
312,AZ1304
313,AZ1304
314,AZ1304
315,AZ1304
316,AZ1304
317,AZ1304
318,AZ1304
319,AZ1304
320,AZ1304
321,AZ1304
322,AZ1304
323,AZ1304
324,AZ1304
325,AZ1304
326,AZ1304
327,AZ1304
328,AZ1304
329,AZ1304
330,AZ1304
331,AZ1304
332,AZ1304
333,AZ1304
334,AZ1304
335,AZ1304
336,AZ1304
337,AZ1304
338,AZ1304
339,AZ1304
340,AZ1304
341,AZ1304
342,AZ1304
343,AZ1304
344,AZ1304
345,AZ1304
346,AZ1304
347,AZ1304
348,AZ1304
349,AZ1304
350,AZ1304
351,AZ1304
352,AZ1304
353,AZ1304
354,AZ1304
355,AZ1304
356,AZ1304
357,AZ1304
358,AZ1304
359,AZ1304
360,AZ1304
361,AZ1304
362,AZ1304
363,AZ1304
364,AZ1304
365,AZ1304
366,AZ1304
367,AZ1304
